{"cameraMode":{"drawMode":0,"name":"Shaded","section":"Shading Mode"},"sceneLighting":false,"audioPlay":false,"sceneViewState":{"m_AlwaysRefresh":false,"showFog":true,"showSkybox":false,"showFlares":true,"showImageEffects":true,"showParticleSystems":true,"showVisualEffectGraphs":true,"m_FxEnabled":true},"in2DMode":false,"pivot":{"x":-0.28619417548179629,"y":1.2458351850509644,"z":20.062292098999025},"rotation":{"x":-0.05639345943927765,"y":0.6973924040794373,"z":-0.05520695075392723,"w":-0.7123375535011292},"size":1.2869962453842164,"orthographic":false}