{"cameraMode":{"drawMode":0,"name":"Shaded","section":"Shading Mode"},"sceneLighting":false,"audioPlay":false,"sceneViewState":{"m_AlwaysRefresh":false,"showFog":true,"showSkybox":false,"showFlares":true,"showImageEffects":true,"showParticleSystems":true,"showVisualEffectGraphs":true,"m_FxEnabled":true},"in2DMode":false,"pivot":{"x":-0.13288472592830659,"y":0.9670394659042358,"z":2.236900806427002},"rotation":{"x":-0.060907311737537387,"y":0.8895201683044434,"z":-0.12442665547132492,"w":-0.4351383149623871},"size":1.0946019887924195,"orthographic":false}