{"cameraMode":{"drawMode":0,"name":"Shaded","section":"Shading Mode"},"sceneLighting":false,"audioPlay":false,"sceneViewState":{"m_AlwaysRefresh":false,"showFog":true,"showSkybox":false,"showFlares":true,"showImageEffects":true,"showParticleSystems":true,"showVisualEffectGraphs":true,"m_FxEnabled":true},"in2DMode":false,"pivot":{"x":4.160435676574707,"y":2.8781096935272219,"z":20.489164352416993},"rotation":{"x":0.023663559928536416,"y":-0.7362722754478455,"z":-0.02577943354845047,"w":-0.6757914423942566},"size":4.495900630950928,"orthographic":false}