{"cameraMode":{"drawMode":0,"name":"Shaded","section":"Shading Mode"},"sceneLighting":false,"audioPlay":false,"sceneViewState":{"m_AlwaysRefresh":false,"showFog":true,"showSkybox":false,"showFlares":true,"showImageEffects":true,"showParticleSystems":true,"showVisualEffectGraphs":true,"m_FxEnabled":true},"in2DMode":false,"pivot":{"x":0.22142426669597627,"y":-1.7316116094589234,"z":-1.048661708831787},"rotation":{"x":0.0699983462691307,"y":0.8857128620147705,"z":-0.14200638234615327,"w":0.43631047010421755},"size":4.643122673034668,"orthographic":false}