{"cameraMode":{"drawMode":0,"name":"Shaded","section":"Shading Mode"},"sceneLighting":true,"audioPlay":false,"sceneViewState":{"m_AlwaysRefresh":false,"showFog":true,"showSkybox":true,"showFlares":true,"showImageEffects":true,"showParticleSystems":true,"showVisualEffectGraphs":true,"m_FxEnabled":true},"in2DMode":false,"pivot":{"x":1.5051028728485108,"y":-8.067851066589356,"z":-20.56476593017578},"rotation":{"x":0.006679404526948929,"y":0.9915204644203186,"z":-0.11432129144668579,"w":0.05484553053975105},"size":22.607711791992189,"orthographic":false}