{"cameraMode":{"drawMode":0,"name":"Shaded","section":"Shading Mode"},"sceneLighting":true,"audioPlay":false,"sceneViewState":{"m_AlwaysRefresh":false,"showFog":true,"showSkybox":true,"showFlares":true,"showImageEffects":true,"showParticleSystems":true,"showVisualEffectGraphs":true,"m_FxEnabled":true},"in2DMode":false,"pivot":{"x":84.88592529296875,"y":-111.84991455078125,"z":375.87225341796877},"rotation":{"x":-0.15225960314273835,"y":-0.10936830192804337,"z":0.016957726329565049,"w":-0.982106626033783},"size":214.36375427246095,"orthographic":false}