{"cameraMode":{"drawMode":0,"name":"Shaded","section":"Shading Mode"},"sceneLighting":true,"audioPlay":false,"sceneViewState":{"m_AlwaysRefresh":false,"showFog":true,"showSkybox":true,"showFlares":true,"showImageEffects":true,"showParticleSystems":true,"showVisualEffectGraphs":true,"m_FxEnabled":true},"in2DMode":false,"pivot":{"x":-30.252731323242189,"y":-10.19009780883789,"z":-2.6834468841552736},"rotation":{"x":-0.062402281910181048,"y":0.884587287902832,"z":-0.12509837746620179,"w":-0.44406771659851076},"size":23.164377212524415,"orthographic":false}