{"cameraMode":{"drawMode":0,"name":"Shaded","section":"Shading Mode"},"sceneLighting":true,"audioPlay":false,"sceneViewState":{"m_AlwaysRefresh":false,"showFog":true,"showSkybox":true,"showFlares":true,"showImageEffects":true,"showParticleSystems":true,"showVisualEffectGraphs":true,"m_FxEnabled":true},"in2DMode":false,"pivot":{"x":10.166747093200684,"y":9.152291297912598,"z":-5.712219715118408},"rotation":{"x":0.19841128587722779,"y":-0.40187355875968935,"z":0.08967450261116028,"w":0.8894069194793701},"size":5.429583549499512,"orthographic":false}