{"cameraMode":{"drawMode":0,"name":"Shaded","section":"Shading Mode"},"sceneLighting":true,"audioPlay":false,"sceneViewState":{"m_AlwaysRefresh":false,"showFog":true,"showSkybox":true,"showFlares":true,"showImageEffects":true,"showParticleSystems":true,"showVisualEffectGraphs":true,"m_FxEnabled":true},"in2DMode":false,"pivot":{"x":-0.8007011413574219,"y":0.5000038146972656,"z":39.0568962097168},"rotation":{"x":0.002726759063079953,"y":0.9904412627220154,"z":-0.13654552400112153,"w":0.01981212943792343},"size":5.429583549499512,"orthographic":false}