{"cameraMode":{"drawMode":0,"name":"Shaded","section":"Shading Mode"},"sceneLighting":true,"audioPlay":false,"sceneViewState":{"m_AlwaysRefresh":false,"showFog":true,"showSkybox":true,"showFlares":true,"showImageEffects":true,"showParticleSystems":true,"showVisualEffectGraphs":true,"m_FxEnabled":true},"in2DMode":false,"pivot":{"x":9.474248886108399,"y":2.1494803428649904,"z":-2.8595197200775148},"rotation":{"x":0.13390903174877168,"y":-0.5642563700675964,"z":0.09338553994894028,"w":0.8092405200004578},"size":11.169867515563965,"orthographic":false}