{"cameraMode":{"drawMode":0,"name":"Shaded","section":"Shading Mode"},"sceneLighting":true,"audioPlay":false,"sceneViewState":{"m_AlwaysRefresh":false,"showFog":true,"showSkybox":true,"showFlares":true,"showImageEffects":true,"showParticleSystems":true,"showVisualEffectGraphs":true,"m_FxEnabled":true},"in2DMode":false,"pivot":{"x":-13.125789642333985,"y":6.228282928466797,"z":12.765713691711426},"rotation":{"x":0.436480313539505,"y":0.03067561611533165,"z":-0.014813515357673169,"w":0.8989905118942261},"size":2.383446216583252,"orthographic":false}