{"cameraMode":{"drawMode":0,"name":"Shaded","section":"Shading Mode"},"sceneLighting":true,"audioPlay":false,"sceneViewState":{"m_AlwaysRefresh":false,"showFog":true,"showSkybox":true,"showFlares":true,"showImageEffects":true,"showParticleSystems":true,"showVisualEffectGraphs":true,"m_FxEnabled":true},"in2DMode":false,"pivot":{"x":12.270797729492188,"y":43.650001525878909,"z":232.42990112304688},"rotation":{"x":0.02299833670258522,"y":-0.975788950920105,"z":0.18456517159938813,"w":0.11886470019817352},"size":12.12435531616211,"orthographic":false}