{"cameraMode":{"drawMode":0,"name":"Shaded","section":"Shading Mode"},"sceneLighting":true,"audioPlay":false,"sceneViewState":{"m_AlwaysRefresh":false,"showFog":true,"showSkybox":true,"showFlares":true,"showImageEffects":true,"showParticleSystems":true,"showVisualEffectGraphs":true,"m_FxEnabled":true},"in2DMode":false,"pivot":{"x":13.15824031829834,"y":-1.3362646102905274,"z":12.439362525939942},"rotation":{"x":0.38348624110221865,"y":-0.02971966192126274,"z":0.012347199022769928,"w":0.9229189157485962},"size":17.761777877807618,"orthographic":false}