{"cameraMode":{"drawMode":0,"name":"Shaded","section":"Shading Mode"},"sceneLighting":false,"audioPlay":false,"sceneViewState":{"m_AlwaysRefresh":false,"showFog":true,"showSkybox":false,"showFlares":true,"showImageEffects":true,"showParticleSystems":true,"showVisualEffectGraphs":true,"m_FxEnabled":true},"in2DMode":false,"pivot":{"x":951.274169921875,"y":591.8409423828125,"z":-6.32708740234375},"rotation":{"x":-0.00730938883498311,"y":0.0035951670724898578,"z":-0.00002681892874534242,"w":-0.9999639987945557},"size":465.25421142578127,"orthographic":false}