{"cameraMode":{"drawMode":0,"name":"Shaded","section":"Shading Mode"},"sceneLighting":false,"audioPlay":false,"sceneViewState":{"m_AlwaysRefresh":false,"showFog":true,"showSkybox":false,"showFlares":true,"showImageEffects":true,"showParticleSystems":true,"showVisualEffectGraphs":true,"m_FxEnabled":true},"in2DMode":false,"pivot":{"x":-0.09304234385490418,"y":0.1577298641204834,"z":-1.4853181838989258},"rotation":{"x":0.04208875447511673,"y":-0.9434171319007874,"z":0.1319904923439026,"w":0.3010302782058716},"size":2.134645462036133,"orthographic":false}